﻿"ID de participante único en todo CV",DNI/NIE/Pasaporte,"ID de participante en este centro",Nombre,Apellido/s,Inscripción,Grupos,"Correo electrónico","Última descarga de esta asignatura"
177185,77175421w,14715,"José Luis","Acosta Montaner",5002-19-0301-A,,acosjoseluis@gmail.com,1571422809
150680,25354666h,12897,Antonio,"Aguilera Durán",5002-19-0301-A,,antonio.a.d.996@gmail.com,1571422809
137444,77424553k,11082,"Elisa María","Alcalá Priego",5002-19-0301-A,,eli.alcalapriego@gmail.com,1571422809
177989,76752692j,14809,Adela,"Algar Ruiz",5002-19-0301-A,,adely15_91@hotmail.com,1571422809
154204,21687921w,13597,Imane,"Allali Bouamara",5002-19-0301-A,,imane.allali@hotmail.com,1571422809
178,25230282,178,"Diego","Jiménez Romero","B",,"j@s.com",15.8101584475953
93,25698359,93,"Julio","Núñez Alonso","B",,"fistro@peca.dor",759.087120343
176,25338035,176,"Andrea","Alonso Díaz","B",,"k@kita.com",840.147241628496
111,25546014,111,"Verónica","García Ortega","B",,"j@s.com",455.234384302981
202144,77196263y,17971,Jesús,"Alonso Gómez",5002-19-0301-A,,0619722618@uma.es,1571422809
173289,47937788s,14709,Samuel,"Anaya Sánchez",5002-19-0301-A,,samu-95@hotmail.com,1571422809
200078,50614846b,17942,Cristina,"Arjona Aranda",5002-19-0301-A,,cristinaarjo2@gmail.com,1571422809
203538,77427020g,18121,Amalia,"Arjona Domínguez",5002-19-0301-A,,amaliaarjona17@gmail.com,1571422809
199614,25610611l,17932,"José Manuel","Arjona Luque",5002-19-0301-A,,josemanuel10al@gmail.com,1571422809
22313,74871218p,1511,Lucía,"Armario Barranco",5002-19-0301-A,,lucia.armario@gmail.com,1571422809
204063,78991062t,18136,Pablo,"Armario Gil",5002-19-0301-A,,pabloarmariogil@gmail.com,1571422809
134717,53374824n,11047,"Diana María","Arrebola Mesa",5002-19-0301-A,,nenuu_morxe@hotmail.com,1571422809
92,25475536,92,"Jordi","Vázquez Antolín","B",,"k@kita.com",881.375363081461
181,25858784,181,"Samuel","Campos Montero","A",,"k@kita.com",246.66994198435
38,25378162,38,"Jorge","Castillo González","B",,"fistro@peca.dor",788.440483565209
141,25490388,141,"José Antonio","Peña Sanz","A",,"fistro@peca.dor",560.637571894564
96,25749270,96,"Pedro","Rodríguez Gómez","B",,"fistro@peca.dor",416.05373370857
130,25836144,130,"Cristina","Muñoz Benítez","B",,"k@kita.com",588.50519541977
136280,78982209w,11058,"Juan José","Atencia Ruiz",5002-19-0301-A,,0619268798@uma.es,1571422809
191198,44060418p,16521,"José Manuel","Barea Muñoz",5002-19-0301-A,,josemanuelbarea94@hotmail.com,1571422809
199270,17479697l,17931,Cristina,"Biedma Navarro",5002-19-0301-A,,cristinabn98@hotmail.com,1571422809
202668,50641806s,17979,Awatif,"Boutoil El Rhozlane",5002-19-0301-A,,0619728933@uma.es,1571422809
178487,26831837z,14762,Ana,"Cabeza Sánchez",5002-19-0301-A,,anacab3000@gmail.com,1571422809
194302,49563650f,16851,Gloria,"Campo Benítez",5002-19-0301-A,,gloriakitty@hotmail.es,1571422809
187275,44668742m,16453,Alberto,"Cañadas Ortega",5002-19-0301-A,,alfermar2009@gmail.com,1571422809
150574,25738596d,12981,"José Luis","Carmona Alamos",5002-19-0301-A,,pepecarmona612@gmail.com,1571422809
174651,44669160d,14704,Cristina,"Carrera Jiménez de los Galanes",5002-19-0301-A,,criscarrera_97@hotmail.com,1571422809
177947,25611760h,14841,Carlos,"Casado Ruiz",5002-19-0301-A,,carloscasadoruiz.ccr@gmail.com,1571422809
191110,77395535y,16517,Africa,"Casas Rodríguez",5002-19-0301-A,,africapadao@gmail.com,1571422809
204387,74737323l,18145,Elena,"Casas Valverde",5002-19-0301-A,,elenacasas33@hotmail.com,1571422809
139793,77469175t,11293,Elisabeth,"Castilla Vellido",5002-19-0301-A,,elisabeth7400@gmail.com,1571422809
186801,76880688z,16446,Marina,"Castro Olea",5002-19-0301-A,,marinacastroolea20@gmail.com,1571422809
174196,79042541m,14789,Jesús,"Castro Palma","Matrícula dejó de recibirse",,jecaspal@gmail.com,1571422809
27337,74944500n,16219,"José Antonio","Chicharro Díaz",5002-19-0301-A,,chicharro112@gmail.com,1571422809
187035,y4351085m,16334,Paulina,"Coronado Daniello",5002-19-0301-A,,paucoronado2@gmail.com,1571422809
199881,78975191e,17938,Diego,"Cortés Vera",5002-19-0301-A,,afurs@hotmail.es,1571422809
203937,77796795p,18133,Jeronimo,"Coto Elena",5002-19-0301-A,,coto.jeronimo@gmail.com,1571422809
140816,76751620e,13106,Jesús,"Díaz Alcauza",5002-19-0301-A,,diazjesus.1992@gmail.com,1571422809
148150,26262646g,16846,Marta,"Díaz Ruiz",5002-19-0301-A,,martadiru96@gmail.com,1571422809
200106,45312553t,17944,Iván,"Egido Escalona",5002-19-0301-A,,ivaneges@hotmail.com,1571422809
126033,53744862a,9198,Noemi,"Escobar López",5002-19-0301-A,,noeesclop@uma.es,1571422809
201610,77190703n,17964,Rocío,"España Bonilla",5002-19-0301-A,,rociobonilla99@gmail.com,1571422809
204841,77796167r,18329,"María Alejandra","Fernández Lagos",5002-19-0301-A,,aleejandra.20ene@gmail.com,1571422809
199671,77441981s,17933,Iván,"Fernández Rengel",5002-19-0301-A,,ivan.losmios@gmail.com,1571422809
202386,77670310t,17973,Noemi,"Fernández Sánchez",5002-19-0301-A,,noemifernandezsanchez99@gmail.com,1571422809
200642,70589005g,17952,"Juan Carlos","Fernández-bravo Salazar",5002-19-0301-A,,juancar29@uma.es,1571422809
164,25014389,164,"María Victoria","Gallardo Prieto","B",,"fistro@peca.dor",201.745612173807
198,25354818,198,"Carolina","Santana Santana","B",,"fistro@peca.dor",940.019265321782
86,25291454,86,"Juana","Díez Calvo","B",,"j@s.com",866.64822716685
197,25286858,197,"Terence","Mora Vega","B",,"k@kita.com",577.246940018376
114,25345450,114,"Daenerys","Medina Flores","B",,"fistro@peca.dor",187.107381190872
198955,79111982d,17898,Ana,"Flores Beltran",5002-19-0301-A,,anafloores@hotmail.es,1571422809
125621,79035414p,9563,Marta,"Flores Gómez",5002-19-0301-A,,marta.fg28@hotmail.com,1571422809
139581,53702056t,11275,Marina,"Fontiveros Palomino",5002-19-0301-A,,marina051192@gmail.com,1571422809
202448,26831495v,17975,Raúl,"Fortes Báez",5002-19-0301-A,,0619726315@uma.es,1571422809
199807,71369457c,17936,Laura,"Fresno Prieto",5002-19-0301-A,,laurafresno27@gmail.com,1571422809
186769,77668333r,16445,"Pablo de La","Fuente García",5002-19-0301-A,,pablodlfg@hotmail.com,1571422809
178991,77490170l,14824,Marco,"Garcés Domínguez",5002-19-0301-A,,marcogd.uma@gmail.com,1571422809
189766,76882698t,16489,Antonio,"García Martín",5002-19-0301-A,,agmjordan98@gmail.com,1571422809
202655,77183181b,17978,"María José","García Martín",5002-19-0301-A,,mariajoseg624@gmail.com,1571422809
200196,77959002l,17946,Cristina,"García Ruiz",5002-19-0301-A,,0619700953@uma.es,1571422809
203035,39411653a,17991,"Marina Isabel","García Sarmiento",5002-19-0301-A,,0619733138@uma.es,1571422809
201023,77660964s,17959,Indira,"Garrido Gómez",5002-19-0301-A,,indiragg16@gmail.com,1571422809
204309,77774902b,18142,Ana,"Gil Quevedo",5002-19-0301-A,,0619743805@uma.es,1571422809
191694,44665877s,16540,"María Victoria","Gómez Gómez",5002-19-0301-A,,mavigome@gmail.com,1571422809
190440,30261716h,18114,Marina,"González Bazán",5002-19-0301-A,,marinagbazan26@gmail.com,1571422809
203840,77490518e,18130,Alejandro,"González Infantes",5002-19-0301-A,,infantesalejandro@hotmail.com,1571422809
202944,53703446x,17987,"Francisco José","González Mancheño",5002-19-0301-A,,francisco.leala@gmail.com,1571422809
175001,32901943y,17928,"Francisco Javier","González Rodríguez",5002-19-0301-A,,javigonzalez199705@gmail.com,1571422809
179823,76664389f,14917,Carmen,"Guirado Revueltas",5002-19-0301-A,,carmencoquillo@gmail.com,1571422809
200100,44650422q,17943,Rubén,"Gutiérrez Molina",5002-19-0301-A,,rubengm1099@gmail.com,1571422809
202613,45312603g,17977,Ana,"Hernández Martínez",5002-19-0301-A,,0619728281@uma.es,1571422809
173153,44667170c,14721,María,"Infante Márquez",5002-19-0301-A,,maariiia_97@hotmail.com,1571422809
200068,77229979g,17941,"María Lucía","Infantes López",5002-19-0301-A,,luciainfanteslopez@gmail.com,1571422809
199765,x7309963b,17935,"Paulina Izabela De","Jesús Alvarez",5002-19-0301-A,,0619696026@uma.es,1571422809
91608,79034152b,6082,Lucas,"Jiménez Cáceres",5002-19-0301-A,,lucas_jimenez7@hotmail.com,1571422809
181223,77425584v,15181,"Agustín Rodrigo","Jiménez Capurro",5002-19-0301-A,,lcapurroap@hotmail.com,1571422809
190426,77193091p,16499,"Ana Bintu","Jobe Muñoz",5002-19-0301-A,,ana.bintuj@gmail.com,1571422809
152677,53910935q,13328,"Paloma María","López Ballesteros",5002-19-0301-A,,blanca_paloma_96@msn.com,1571422810
76365,53656864a,17894,Daniel,"López Gil",5002-19-0301-A,,dlg.danielopezgil@gmail.com,1571422810
190914,77233043d,16515,Carlos,"López Jauregui",5002-19-0301-A,,carloslopezjauregui1@gmail.com,1571422810
201672,50641605k,17966,María,"López Moreno",5002-19-0301-A,,0619717313@uma.es,1571422810
141188,25354668c,11731,"María del Carmen","Lora Toro",5002-19-0301-A,,carmenlt.bio@gmail.com,1571422810
178976,26834037y,14993,"Francisco Javier","Luque Ruiz",5002-19-0301-A,,luquefran97@hotmail.com,1571422810
138885,25351222r,11202,Paloma,"Macías Rodríguez",5002-19-0301-B,,pigeon_mr@hotmail.com,1571422810
148786,74943340w,12946,Jesús,"Maillo Luque",5002-19-0301-B,,jesus_ml_@hotmail.com,1571422810
202964,54371353c,17990,"María Emilia","Marín Fernández",5002-19-0301-B,,maria.emilia.marin65@gmail.com,1571422810
103313,79032278t,7098,Adriana,"Marín Jiménez",5002-19-0301-B,,adrianamj_92@hotmail.com,1571422810
177587,77180616e,14891,Javier,"Marín Mora",5002-19-0301-B,,javier_mm_futbol97@hotmail.com,1571422810
189050,77234020c,16236,"Pablo Adrian","Martín Campos",5002-19-0301-B,,pablomartin1407@gmail.com,1571422810
199998,45150094j,17940,Guillermo,"Martín Chippirraz",5002-19-0301-B,,061969877x@uma.es,1571422810
194420,77191013t,16877,Patricia,"Martín Hidalgo",5002-19-0301-B,,patrimh95@gmail.com,1571422810
153828,77429997z,13534,Tomás,"Martín Jacinto",5002-19-0301-B,,tmartinjacinto@yahoo.es,1571422810
176339,54234615v,15089,"Sandra María","Martín Moreno",5002-19-0301-B,,0619491754@uma.es,1571422810
97,25006964,97,"Encarnación","Durán Díez","A",,"k@kita.com",821.991160616977
161,25949379,161,"Hugo","Castillo Spencer","B",,"j@s.com",640.316943949088
61,25860080,61,"Rubén","Ruiz Campos","A",,"fistro@peca.dor",638.690580266295
98,25787248,98,"Álvaro","Prieto Muñoz","B",,"fistro@peca.dor",222.902077742154
2,25011756,2,"Aylan","Alonso Molina","A",,"k@kita.com",759.278091288405
5,25376412,5,"Víctor","Fernández Arias","A",,"j@s.com",831.279831467895
147596,53349216a,12929,"Francisco Javier","Martín Rodríguez",5002-19-0301-B,,javi10_sfc@hotmail.com,1571422810
139911,15441472p,11309,Amanda,"Martínez Borrego",5002-19-0301-B,,amandamb1@hotmail.com,1571422810
174221,25739733l,14727,Raúl,"Mateo Gallego",5002-19-0301-A,,raul.mateo3b@gmail.com,1571422810
202948,25619916d,17989,Álvaro,"Megias Aranda",5002-19-0301-B,,alvaromegias@hotmail.com,1571422810
173004,76433388h,14465,"María Rosa","Morales Bermúdez",5002-19-0301-B,,marosamorales@gmail.com,1571422810
127525,49045572g,9630,Miriam,"Moreno Becerra",5002-19-0301-B,,miriam_m_b_1994@hotmail.com,1571422810
198866,77660464k,17930,Abel,"Moreno Guerra",5002-19-0301-B,,abel_tolox@hotmail.com,1571422810
151694,77237732y,13181,"Isabel María","Moreno Montiel",5002-19-0301-B,,isabel_green3@hotmail.com,1571422810
200770,54236191y,17955,Laura,"Moreno Ochoa",5002-19-0301-B,,0619707343@uma.es,1571422810
127498,45606505n,9629,"Ana María","Moreno Rodríguez",5002-19-0301-B,,melli_294@hotmail.com,1571422810
185811,77389402z,16431,Esmeralda,"Muñoz Fernández",5002-19-0301-B,,esmeralda1998@hotmail.es,1571422810
204769,26269801y,18327,"Andrea Silvia","Navarro Sánchez",5002-19-0301-B,,andreanavarrosanchez1998@gmail.com,1571422810
208466,26267274d,18701,Margarita,"Navas González",5002-19-0301-B,,navas.gonzalez.margarita@gmail.com,1571422810
188415,53670849g,16471,"Daniel John","Olmedo Jane",5002-19-0301-B,,0619599743@uma.es,1571422810
178354,75939967q,14992,Rubén,"Ortega Carrascosa",5002-19-0301-B,,roc09@hotmail.es,1571422810
150218,77192465a,12971,Carmen,"Ortiz Lanzas",5002-19-0301-B,,maycacol2@hotmail.com,1571422810
194789,09080392s,16904,"Victoria Patricia","Palomino Romero",5002-19-0301-B,,vicky_t.97@hotmail.es,1571422810
199963,45151249h,17939,Diego,"Palomo Zumaquero",5002-19-0301-B,,0619698395@uma.es,1571422810
200877,75901114x,18475,Mireya,"Peña Espinosa",5002-19-0301-B,,mireyape22@gmail.com,1571422810
150503,25614050p,12979,"Ana Cristina","Pérez Naranjo",5002-19-0301-B,,cristina.p.naranjo@gmail.com,1571422810
177967,26832666s,14830,Lourdes,"Pérez Pelayo",5002-19-0301-B,,lourdes-perez-96@hotmail.com,1571422810
117531,77225909m,8487,"Victoria Lara","Pérez Sánchez",5002-19-0301-B,,lara_victoria98@hotmail.com,1571422810
200170,79034503v,17945,Candela,"Pernas Negro",5002-19-0301-B,,0619700668@uma.es,1571422810
189366,77431922f,16481,Alejandro,"Pinazo Acosta",5002-19-0301-B,,apinazocwm@gmail.com,1571422810
202946,77665150s,17988,Luis,"Pinto Gómez",5002-19-0301-B,,0619732105@uma.es,1571422810
204871,77191645b,18164,Daniel,"Pons Gallardo",5002-19-0301-B,,0619749924@uma.es,1571422810
178035,53587372v,14714,Tatiana,"Pruaño Santamaría",5002-19-0301-B,,gataperdi@msn.com,1571422810
200726,77234152z,17954,Laura,"Ramos Zafra",5002-19-0301-B,,laura99rz@gmail.com,1571422810
200463,05983456y,17948,"Miriam Del","Rincon Blanco",5002-19-0301-B,,0619703969@uma.es,1571422810
204238,77234724b,18141,Eloy,"Rivas Oliveros",5002-19-0301-B,,0619743046@uma.es,1571422810
191314,77662783v,16529,Natali,"Robles Dos Santos",5002-19-0301-B,,nataliroblesdos98@gmail.com,1571422810
199812,53676463y,17937,Paloma,"Rodrigo García",5002-19-0301-B,,palomarodrigogarcia@hotmail.com,1571422810
189391,77430259t,16483,Laura,"Rodríguez Cordero","Matrícula dejó de recibirse",,laura_98_rc@hotmail.com,1571422810
202855,79028262d,17986,Alejandro,"Rodríguez Espinosa",5002-19-0301-B,,alex03191999@gmail.com,1571422810
201700,77427730r,17967,Martín,"Rodríguez García",5002-19-0301-B,,martin.rg.99@uma.es,1571422810
137787,54138843v,11094,"Miguel Angel","Rodríguez Salas",5002-19-0301-B,,miguel_94_20@hotmail.com,1571422810
179044,79038133j,14922,Sonia,"Rohra Benítez",5002-19-0301-B,,soniarohra8@gmail.com,1571422810
203678,25614453c,18124,Ana,"Roldán Amaya",5002-19-0301-B,,0619736466@uma.es,1571422810
203320,26284261e,18070,Carlota,"Romero Calderón",5002-19-0301-B,,carlota031298@gmail.com,1571422810
175834,31026157p,14903,Patricia,"Romero Fernández",5002-19-0301-B,,patri.romero97@gmail.com,1571422810
186233,25614901p,16437,Yaiza,"Romero González","Matrícula dejó de recibirse",,yaielburgo@gmail.com,1571422810
186298,25609714l,16440,Pablo,"Romero Portillo",5002-19-0301-B,,pablosky98@hotmail.es,1571422810
203733,79033120z,18126,Carlos,"Ruano Oreal",5002-19-0301-B,,0619737096@uma.es,1571422810
192249,77236821s,16637,"Juan Antonio","Ruiz Bachiller",5002-19-0301-B,,061963309x@uma.es,1571422810
201617,76437067v,17965,Andrea,"Ruiz Escribano",5002-19-0301-B,,andrearuize17@gmail.com,1571422810
191613,77190544z,16536,Adela,"Ruiz Fernández",5002-19-0301-B,,adelarf98@gmail.com,1571422810
203521,77231454f,18120,"Juan Antonio","Salazar Leiva",5002-19-0301-B,,juanantcc7@hotmail.com,1571422810
232065,565919071,21490,"Jalinne Mariell",Sánchez,Movilidad,,061071711x@uma.es,1571422810
136727,25603634b,11063,Alejandro,"Sánchez Narváez",5002-19-0301-B,,alejandr0_3@hotmail.com,1571422810
113836,78989087a,8135,Virginia,"Sánchez Pineda",5002-19-0301-B,,pri.ve.fr@gmail.com,1571422810
202783,76637667b,17984,Rafael,"Sandoval Rueda",5002-19-0301-B,,0619730220@uma.es,1571422810
203716,78990818d,18125,Javier,"Santiago Caracuel",5002-19-0301-B,,jschiachio@gmail.com,1571422810
203491,77234207t,18117,Javier,"Santos del Río",5002-19-0301-B,,javiersdr2d@gmail.com,1571422810
138217,77181389j,11111,Álvaro,"Santos Gómez",5002-19-0301-B,,alvarollup95@hotmail.com,1571422810
206040,54237373s,18445,Cristina,"Sarmiento Castañeda",5002-19-0301-B,,cristinasarmiento99@gmail.com,1571422810
176490,yb124914,14880,"Ana Paula","Schimith Barbosa",5002-19-0301-B,,anapaula_schimith@hotmail.com,1571422810
202445,77443907d,17974,Noa,"Scholz Murcia",5002-19-0301-B,,noascholz28@uma.es,1571422810
54738,74855487d,2870,Mar,"Sierra Olmos",5002-19-0301-B,,mar.sierra.olmos@telefonica.net,1571422810
111021,76640979b,8174,Dolores,"Silvente Romero",5002-19-0301-B,,lsilventeromero@hotmail.com,1571422810
150071,25739822q,12967,Xavier,"Soler Alonso",5002-19-0301-B,,xavisoleralonso@gmail.com,1571422810
204996,79023903c,18167,Marco,"Taddei Tardon",5002-19-0301-B,,0619751356@uma.es,1571422810
119835,25351172c,9512,Marta,"Tirado Romero",5002-19-0301-B,,martatr_93@hotmail.com,1571422810
179105,77430328t,14925,Pablo,"Urbano Ruiz",5002-19-0301-B,,paurru21@gmail.com,1571422810
178454,77492787z,14680,"Evelyn Ainee","Valdiviezo Ponce",5002-19-0301-B,,evelyn.valdiviezo97@gmail.com,1571422810
125298,77238562p,9558,Angel,"Valencia Poveda",5002-19-0301-B,,avpoveda@telefonica.net,1571422810
201369,77671864j,17962,Javier,"Valenzuela Jiménez",5002-19-0301-B,,javiervalenzuelajimenez@hotmail.com,1571422810
188433,54236990t,16472,Andrea,"Valladares Quintero",5002-19-0301-B,,andreavq98@hotmail.com,1571422810
175383,75912241m,14782,Alejandro,"Vázquez Cohen",5002-19-0301-B,,alevazquez_1997@hotmail.com,1571422810
176562,05720201d,14960,Monica,"Vera Matas","Matrícula dejó de recibirse",,moniveramatas@gmail.com,1571422810
150055,77426484c,12963,Beatriz,"Vilaseca Martínez",5002-19-0301-B,,beatrizvilasecamartinez@gmail.com,1571422810
201196,09115104c,17960,Paula,"Warren Jiménez",5002-19-0301-B,,0619712147@uma.es,1571422810
179192,77662337p,15002,Raúl,"Yebenes Villamor",5002-19-0301-B,,xxraulxx111@gmail.com,1571422810
194856,53741997j,16916,Víctor,"Zofio Ruiz",5002-19-0301-B,,victorzofioruiz@gmail.com,1571422810
