﻿"ID de participante único en todo CV",DNI/NIE/Pasaporte,"ID de participante en este centro",Nombre,Apellido/s,Inscripción,Grupos,"Correo electrónico","Última descarga de esta asignatura"
150680,25354666h,12897,Antonio,"Aguilera Durán",5002-19-0301-A,,antonio.a.d.996@gmail.com,1571422809
177989,76752692j,14809,Adela,"Algar Ruiz",5002-19-0301-A,,adely15_91@hotmail.com,1571422809
154204,21687921w,13597,Imane,"Allali Bouamara",5002-19-0301-A,,imane.allali@hotmail.com,1571422809
202144,77196263y,17971,Jesús,"Alonso Gómez",5002-19-0301-A,,0619722618@uma.es,1571422809
150588,26834277q,12984,Esther,"Alonso Guerra",5002-19-0301-A,,esaalguer@gmail.com,1571422809
203931,23882638j,18132,"María Inmaculada","Amador Tejada",5002-19-0301-A,,inmaat88@gmail.com,1571422809
185,25753199,185,"Bruc","Mora Álvarez","A",,"fistro@peca.dor",961.690446357941
126,25351682,126,"Verónica","Pastor Ferrer","B",,"j@s.com",483.837818681961
52,25161872,52,"Brahim","Bravo Pascual","B",,"k@kita.com",569.016508040018
133,25470836,133,"Catalina","Soler Caballero","A",,"fistro@peca.dor",311.747297372436
55,25964974,55,"Jorge","Ortega Sanz","A",,"j@s.com",8.88319972879253
167,25246568,167,"Mariano","Vega Hill","A",,"j@s.com",423.007636790629
191,25216143,191,"Marta","Molina Ruiz","A",,"k@kita.com",100.479326247005
203538,77427020g,18121,Amalia,"Arjona Domínguez",5002-19-0301-A,,amaliaarjona17@gmail.com,1571422809
197,25286858,197,"Terence","Mora Vega","B",,"k@kita.com",577.246940018376
114,25345450,114,"Daenerys","Medina Flores","B",,"fistro@peca.dor",187.107381190872
43,25812996,43,"Irai","Muñoz Gómez","B",,"j@s.com",22.0264673484489
27,25018853,27,"Acindino","Muñoz Crespo","A",,"k@kita.com",101.618649414973
89,25216155,89,"Carolina","Flores Sánchez","A",,"k@kita.com",863.538420690456
119,25958275,119,"Olga","Marín Domínguez","B",,"fistro@peca.dor",921.804622693686
51,25978042,51,"Arya","Martínez Garrido","B",,"k@kita.com",702.174664360238
147,25398877,147,"Enrique","Prieto Marín","B",,"fistro@peca.dor",834.684931102209
22313,74871218p,1511,Lucía,"Armario Barranco",5002-19-0301-A,,lucia.armario@gmail.com,1571422809
204063,78991062t,18136,Pablo,"Armario Gil",5002-19-0301-A,,pabloarmariogil@gmail.com,1571422809
191106,77662921v,16616,"María Elena","Armenteros Jiménez",5002-19-0301-A,,elenaarmenterosjimenez@gmail.com,1571422809
188354,05722639d,16470,Celia,"Arroyo Moraga",5002-19-0301-A,,celia_arroyo16@hotmail.com,1571422809
150862,74746319e,14674,Manuel,"Béjar Rodríguez",5002-19-0301-A,,manubejar6@hotmail.com,1571422809
199270,17479697l,17931,Cristina,"Biedma Navarro",5002-19-0301-A,,cristinabn98@hotmail.com,1571422809
202668,50641806s,17979,Awatif,"Boutoil El Rhozlane",5002-19-0301-A,,0619728933@uma.es,1571422809
200267,79042681f,17947,Christian,"Brady Lander",5002-19-0301-A,,christianbradylander@gmail.com,1571422809
191009,44665570f,16374,Ignacio,"Brea Martín",5002-19-0301-A,,nachobrmclase@gmail.com,1571422809
146756,44669481p,12915,Adrian,"Buenestado Cerra",5002-19-0301-A,,abuenestado96@gmail.com,1571422809
36,25157920,36,"Raúl","Gutiérrez Ibáñez","A",,"fistro@peca.dor",985.749871726148
49,25164560,49,"Julia","Torres Castillo","B",,"j@s.com",766.77193274512
25,25852954,25,"Hipolimnia","Antolín Sanz","B",,"k@kita.com",751.356369175017
102,25749400,102,"Naevia","Gallego Suárez","A",,"fistro@peca.dor",464.381404248765
174,25558625,174,"Jordi","Castillo Ibáñez","B",,"j@s.com",921.255295043113
152,25267552,152,"María Dolores","Núñez Delgado","A",,"fistro@peca.dor",979.519180372125
32,25506518,32,"Esther","Gutiérrez Cruz","A",,"fistro@peca.dor",4.14682372054085
178487,26831837z,14762,Ana,"Cabeza Sánchez",5002-19-0301-A,,anacab3000@gmail.com,1571422809
194302,49563650f,16851,Gloria,"Campo Benítez",5002-19-0301-A,,gloriakitty@hotmail.es,1571422809
203753,77797625x,18128,"Candela Teresa","Caneda Santiago",5002-19-0301-A,,candelati2012@gmail.com,1571422809
151748,26830544d,13305,María,"Caparros Maño",5002-19-0301-A,,maria.caparros.m@gmail.com,1571422809
191559,26052573j,16534,"Eva María","Castillo Zafra",5002-19-0301-B,,ecastillozafra@gmail.com,1571422809
27337,74944500n,16219,"José Antonio","Chicharro Díaz",5002-19-0301-A,,chicharro112@gmail.com,1571422809
203378,y4351007l,18102,Daniela,"Coronado Daniello",5002-19-0301-A,,danielacoronadod@gmail.com,1571422809
187035,y4351085m,16334,Paulina,"Coronado Daniello",5002-19-0301-A,,paucoronado2@gmail.com,1571422809
203937,77796795p,18133,Jeronimo,"Coto Elena",5002-19-0301-A,,coto.jeronimo@gmail.com,1571422809
191215,77685950t,16522,Paula,"Cuenca de Pascali",5002-19-0301-A,,paulacuenca01@gmail.com,1571422809
191799,78763481g,16627,Francisco,"Deniz Cabrera",5002-19-0301-A,,denizfran@gmail.com,1571422809
91,25178151,91,"José Antonio","Díaz Gallego","A",,"j@s.com",837.319770518458
53,25308558,53,"Pablo","Vega González","A",,"k@kita.com",684.416486566653
159,25136850,159,"Raúl","Nieto Hernández","B",,"fistro@peca.dor",571.815907617798
50,25321419,50,"Guillermo","Álvarez Herrera","A",,"fistro@peca.dor",389.046845833538
80,25936433,80,"Sofía","Calvo Hernández","B",,"k@kita.com",199.409639780875
136,25135351,136,"Carlos","Reyes Caballero","A",,"fistro@peca.dor",317.261795870028
148150,26262646g,16846,Marta,"Díaz Ruiz",5002-19-0301-A,,martadiru96@gmail.com,1571422809
153930,77193706w,13554,"Pablo Tomás","Dorado Rodríguez",5002-19-0301-A,,pablodorado95@gmail.com,1571422809
205092,25735169d,18168,Jaime,"Dubbelman Vizcaíno",5002-19-0301-A,,jaimeduvi@gmail.com,1571422809
200106,45312553t,17944,Iván,"Egido Escalona",5002-19-0301-A,,ivaneges@hotmail.com,1571422809
126033,53744862a,9198,Noemi,"Escobar López",5002-19-0301-A,,noeesclop@uma.es,1571422809
201610,77190703n,17964,Rocío,"España Bonilla",5002-19-0301-A,,rociobonilla99@gmail.com,1571422809
204841,77796167r,18329,"María Alejandra","Fernández Lagos",5002-19-0301-A,,aleejandra.20ene@gmail.com,1571422809
199671,77441981s,17933,Iván,"Fernández Rengel",5002-19-0301-A,,ivan.losmios@gmail.com,1571422809
171,25371685,171,"José Manuel","Cruz Guerrero","A",,"fistro@peca.dor",580.890070950612
129,25810352,129,"Cristina","González Soler","A",,"fistro@peca.dor",72.4382726752665
71,25846233,71,"Basaltar","Delgado Méndez","B",,"fistro@peca.dor",379.839326963993
157,25353913,157,"José Carlos","Moreno García","B",,"k@kita.com",237.238448400516
78,25771649,78,"Jordi","Serrano Campos","A",,"fistro@peca.dor",557.324831967242
28,25684396,28,"Jordi","Molina Rodríguez","A",,"j@s.com",844.609482041094
186,25834456,186,"Parmenia","Moreno Spencer","B",,"k@kita.com",111.704101053998
202386,77670310t,17973,Noemi,"Fernández Sánchez",5002-19-0301-A,,noemifernandezsanchez99@gmail.com,1571422809
200642,70589005g,17952,"Juan Carlos","Fernández-bravo Salazar",5002-19-0301-A,,juancar29@uma.es,1571422809
202448,26831495v,17975,Raúl,"Fortes Báez",5002-19-0301-A,,0619726315@uma.es,1571422809
199807,71369457c,17936,Laura,"Fresno Prieto",5002-19-0301-A,,laurafresno27@gmail.com,1571422809
186769,77668333r,16445,"Pablo de La","Fuente García",5002-19-0301-A,,pablodlfg@hotmail.com,1571422809
178991,77490170l,14824,Marco,"Garcés Domínguez",5002-19-0301-A,,marcogd.uma@gmail.com,1571422809
179317,44061017d,15101,Daniel,"García Guerrero","Matrícula dejó de recibirse",,danilegarciaguerrero1005@gmail.com,1571422809
189766,76882698t,16489,Antonio,"García Martín",5002-19-0301-A,,agmjordan98@gmail.com,1571422809
202655,77183181b,17978,"María José","García Martín",5002-19-0301-A,,mariajoseg624@gmail.com,1571422809
200196,77959002l,17946,Cristina,"García Ruiz",5002-19-0301-A,,0619700953@uma.es,1571422809
201023,77660964s,17959,Indira,"Garrido Gómez",5002-19-0301-A,,indiragg16@gmail.com,1571422809
204309,77774902b,18142,Ana,"Gil Quevedo",5002-19-0301-A,,0619743805@uma.es,1571422809
190440,30261716h,18114,Marina,"González Bazán",5002-19-0301-A,,marinagbazan26@gmail.com,1571422809
231225,47955885b,21352,Adrian,"González Berruezo",5002-19-0301-A,,0610705695@uma.es,1571422809
187156,25607485k,16449,Juan,"González Hidalgo",5002-19-0301-A,,juangh258@gmail.com,1571422809
203840,77490518e,18130,Alejandro,"González Infantes",5002-19-0301-A,,infantesalejandro@hotmail.com,1571422809
202944,53703446x,17987,"Francisco José","González Mancheño",5002-19-0301-A,,francisco.leala@gmail.com,1571422809
175001,32901943y,17928,"Francisco Javier","González Rodríguez",5002-19-0301-A,,javigonzalez199705@gmail.com,1571422809
200901,77196734v,17957,Andrea,"Guerra Canca",5002-19-0301-A,,0619708788@uma.es,1571422809
192005,77430289f,16998,"María José","Guerrero Sánchez",5002-19-0301-A,,guerrerosanchezmj@gmail.com,1571422809
179823,76664389f,14917,Carmen,"Guirado Revueltas",5002-19-0301-A,,carmencoquillo@gmail.com,1571422809
200100,44650422q,17943,Rubén,"Gutiérrez Molina",5002-19-0301-A,,rubengm1099@gmail.com,1571422809
189241,77774235b,18169,Sonia,"Guzmán Soria",5002-19-0301-A,,sonia.guzman.lluvia@gmail.com,1571422809
202613,45312603g,17977,Ana,"Hernández Martínez",5002-19-0301-A,,0619728281@uma.es,1571422809
173153,44667170c,14721,María,"Infante Márquez",5002-19-0301-A,,maariiia_97@hotmail.com,1571422809
200068,77229979g,17941,"María Lucía","Infantes López",5002-19-0301-A,,luciainfanteslopez@gmail.com,1571422809
199765,x7309963b,17935,"Paulina Izabela De","Jesús Alvarez",5002-19-0301-A,,0619696026@uma.es,1571422809
91608,79034152b,6082,Lucas,"Jiménez Cáceres",5002-19-0301-A,,lucas_jimenez7@hotmail.com,1571422809
181223,77425584v,15181,"Agustín Rodrigo","Jiménez Capurro",5002-19-0301-A,,lcapurroap@hotmail.com,1571422809
190426,77193091p,16499,"Ana Bintu","Jobe Muñoz",5002-19-0301-A,,ana.bintuj@gmail.com,1571422809
179338,76637172e,14888,"Pablo De","Laguno Alarcón",5002-19-0301-A,,pablo.delaguno@gmail.com,1571422809
204383,09083821v,18144,Rebeca,"Ligero Lorente",5002-19-0301-A,,0619744613@uma.es,1571422809
152766,77492397s,13333,Paula,"Llorente Landero",5002-19-0301-A,,paulallorente25@gmail.com,1571422809
202016,76880763c,17970,Olga,"Lobera Palomo",5002-19-0301-A,,olopa2@gmail.com,1571422809
152677,53910935q,13328,"Paloma María","López Ballesteros",5002-19-0301-A,,blanca_paloma_96@msn.com,1571422810
76365,53656864a,17894,Daniel,"López Gil",5002-19-0301-A,,dlg.danielopezgil@gmail.com,1571422810
190914,77233043d,16515,Carlos,"López Jauregui",5002-19-0301-A,,carloslopezjauregui1@gmail.com,1571422810
201672,50641605k,17966,María,"López Moreno",5002-19-0301-A,,0619717313@uma.es,1571422810
179899,77241667p,15106,"Martín Manuel","López Palomo",5002-19-0301-A,,martinlopezpalomo97@gmail.com,1571422810
141188,25354668c,11731,"María del Carmen","Lora Toro",5002-19-0301-A,,carmenlt.bio@gmail.com,1571422810
178976,26834037y,14993,"Francisco Javier","Luque Ruiz",5002-19-0301-A,,luquefran97@hotmail.com,1571422810
138885,25351222r,11202,Paloma,"Macías Rodríguez",5002-19-0301-B,,pigeon_mr@hotmail.com,1571422810
148786,74943340w,12946,Jesús,"Maillo Luque",5002-19-0301-B,,jesus_ml_@hotmail.com,1571422810
202964,54371353c,17990,"María Emilia","Marín Fernández",5002-19-0301-B,,maria.emilia.marin65@gmail.com,1571422810
103313,79032278t,7098,Adriana,"Marín Jiménez",5002-19-0301-B,,adrianamj_92@hotmail.com,1571422810
189050,77234020c,16236,"Pablo Adrian","Martín Campos",5002-19-0301-B,,pablomartin1407@gmail.com,1571422810
199998,45150094j,17940,Guillermo,"Martín Chippirraz",5002-19-0301-B,,061969877x@uma.es,1571422810
194420,77191013t,16877,Patricia,"Martín Hidalgo",5002-19-0301-B,,patrimh95@gmail.com,1571422810
153828,77429997z,13534,Tomás,"Martín Jacinto",5002-19-0301-B,,tmartinjacinto@yahoo.es,1571422810
147596,53349216a,12929,"Francisco Javier","Martín Rodríguez",5002-19-0301-B,,javi10_sfc@hotmail.com,1571422810
174221,25739733l,14727,Raúl,"Mateo Gallego",5002-19-0301-A,,raul.mateo3b@gmail.com,1571422810
202948,25619916d,17989,Álvaro,"Megias Aranda",5002-19-0301-B,,alvaromegias@hotmail.com,1571422810
203670,77684816q,18123,"Kevin Xavier","Mejía Alarcón",5002-19-0301-B,,0619736368@uma.es,1571422810
176815,74739406d,14895,Cristina,"Mira Pérez",5002-19-0301-B,,criisty_mp19@outlook.com,1571422810
203512,77685750f,18119,Patricia,"Molina Toret",5002-19-0301-B,,0619734465@uma.es,1571422810
173004,76433388h,14465,"María Rosa","Morales Bermúdez",5002-19-0301-B,,marosamorales@gmail.com,1571422810
179686,53927875m,14726,Cristina,"Morales Marfil",5002-19-0301-B,,cristi_mm97@hotmail.com,1571422810
204490,32099817m,18148,Ana,"Morales Sánchez",5002-19-0301-B,,anaamoraless98@hotmail.es,1571422810
189591,50624137x,18113,"Francisco Miguel","Morales Torres",5002-19-0301-B,,franmorales1@hotmail.es,1571422810
198866,77660464k,17930,Abel,"Moreno Guerra",5002-19-0301-B,,abel_tolox@hotmail.com,1571422810
200770,54236191y,17955,Laura,"Moreno Ochoa",5002-19-0301-B,,0619707343@uma.es,1571422810
127498,45606505n,9629,"Ana María","Moreno Rodríguez",5002-19-0301-B,,melli_294@hotmail.com,1571422810
185811,77389402z,16431,Esmeralda,"Muñoz Fernández",5002-19-0301-B,,esmeralda1998@hotmail.es,1571422810
204031,25608350n,18134,María,"Muot Martín",5002-19-0301-B,,0619740685@uma.es,1571422810
204769,26269801y,18327,"Andrea Silvia","Navarro Sánchez",5002-19-0301-B,,andreanavarrosanchez1998@gmail.com,1571422810
208466,26267274d,18701,Margarita,"Navas González",5002-19-0301-B,,navas.gonzalez.margarita@gmail.com,1571422810
188415,53670849g,16471,"Daniel John","Olmedo Jane",5002-19-0301-B,,0619599743@uma.es,1571422810
178354,75939967q,14992,Rubén,"Ortega Carrascosa",5002-19-0301-B,,roc09@hotmail.es,1571422810
150218,77192465a,12971,Carmen,"Ortiz Lanzas",5002-19-0301-B,,maycacol2@hotmail.com,1571422810
148933,77399564x,12826,Florencia,"Padin Pérez",5002-19-0301-B,,florpadinperez@gmail.com,1571422810
199963,45151249h,17939,Diego,"Palomo Zumaquero",5002-19-0301-B,,0619698395@uma.es,1571422810
202530,77186138r,17976,"Daniel Jesús","Pastor García",5002-19-0301-B,,0619727339@uma.es,1571422810
114138,76752810q,7896,"Antonio Jesús","Pérez Baena","Matrícula dejó de recibirse",,a.perezbaena@hotmail.es,1571422810
202774,50643247f,17983,"Juan Luis","Pérez Flores",5002-19-0301-B,,juanluispf12@hotmail.com,1571422810
150503,25614050p,12979,"Ana Cristina","Pérez Naranjo",5002-19-0301-B,,cristina.p.naranjo@gmail.com,1571422810
177967,26832666s,14830,Lourdes,"Pérez Pelayo",5002-19-0301-B,,lourdes-perez-96@hotmail.com,1571422810
200170,79034503v,17945,Candela,"Pernas Negro",5002-19-0301-B,,0619700668@uma.es,1571422810
202946,77665150s,17988,Luis,"Pinto Gómez",5002-19-0301-B,,0619732105@uma.es,1571422810
204871,77191645b,18164,Daniel,"Pons Gallardo",5002-19-0301-B,,0619749924@uma.es,1571422810
178035,53587372v,14714,Tatiana,"Pruaño Santamaría",5002-19-0301-B,,gataperdi@msn.com,1571422810
200726,77234152z,17954,Laura,"Ramos Zafra",5002-19-0301-B,,laura99rz@gmail.com,1571422810
200463,05983456y,17948,"Miriam Del","Rincon Blanco",5002-19-0301-B,,0619703969@uma.es,1571422810
199812,53676463y,17937,Paloma,"Rodrigo García",5002-19-0301-B,,palomarodrigogarcia@hotmail.com,1571422810
202855,79028262d,17986,Alejandro,"Rodríguez Espinosa",5002-19-0301-B,,alex03191999@gmail.com,1571422810
201700,77427730r,17967,Martín,"Rodríguez García",5002-19-0301-B,,martin.rg.99@uma.es,1571422810
137787,54138843v,11094,"Miguel Angel","Rodríguez Salas",5002-19-0301-B,,miguel_94_20@hotmail.com,1571422810
203678,25614453c,18124,Ana,"Roldán Amaya",5002-19-0301-B,,0619736466@uma.es,1571422810
203320,26284261e,18070,Carlota,"Romero Calderón",5002-19-0301-B,,carlota031298@gmail.com,1571422810
175834,31026157p,14903,Patricia,"Romero Fernández",5002-19-0301-B,,patri.romero97@gmail.com,1571422810
186233,25614901p,16437,Yaiza,"Romero González","Matrícula dejó de recibirse",,yaielburgo@gmail.com,1571422810
186298,25609714l,16440,Pablo,"Romero Portillo",5002-19-0301-B,,pablosky98@hotmail.es,1571422810
204614,77233232z,18155,"Juan Pedro","Romo Cruces",5002-19-0301-B,,0619747155@uma.es,1571422810
126842,32089884p,9603,Rocío,"Rosas Manzano",5002-19-0301-B,,rociorosas9@hotmail.com,1571422810
192249,77236821s,16637,"Juan Antonio","Ruiz Bachiller",5002-19-0301-B,,061963309x@uma.es,1571422810
201617,76437067v,17965,Andrea,"Ruiz Escribano",5002-19-0301-B,,andrearuize17@gmail.com,1571422810
191613,77190544z,16536,Adela,"Ruiz Fernández",5002-19-0301-B,,adelarf98@gmail.com,1571422810
200635,77685970c,17951,"Antonio Luis","Rute León",5002-19-0301-B,,antonioruteleon@icloud.com,1571422810
128844,53704612a,9754,David,"Salas Vázquez",5002-19-0301-B,,david.salas@outlook.es,1571422810
203521,77231454f,18120,"Juan Antonio","Salazar Leiva",5002-19-0301-B,,juanantcc7@hotmail.com,1571422810
232065,565919071,21490,"Jalinne Mariell",Sánchez,Movilidad,,061071711x@uma.es,1571422810
136727,25603634b,11063,Alejandro,"Sánchez Narváez",5002-19-0301-B,,alejandr0_3@hotmail.com,1571422810
113836,78989087a,8135,Virginia,"Sánchez Pineda",5002-19-0301-B,,pri.ve.fr@gmail.com,1571422810
202783,76637667b,17984,Rafael,"Sandoval Rueda",5002-19-0301-B,,0619730220@uma.es,1571422810
203716,78990818d,18125,Javier,"Santiago Caracuel",5002-19-0301-B,,jschiachio@gmail.com,1571422810
203491,77234207t,18117,Javier,"Santos del Río",5002-19-0301-B,,javiersdr2d@gmail.com,1571422810
206040,54237373s,18445,Cristina,"Sarmiento Castañeda",5002-19-0301-B,,cristinasarmiento99@gmail.com,1571422810
176490,yb124914,14880,"Ana Paula","Schimith Barbosa",5002-19-0301-B,,anapaula_schimith@hotmail.com,1571422810
202445,77443907d,17974,Noa,"Scholz Murcia",5002-19-0301-B,,noascholz28@uma.es,1571422810
151494,77233241t,13173,Carmen,"Sedeño García",5002-19-0301-B,,carmensgarcia@outlook.es,1571422810
204811,26264920r,18161,"Juan Manuel","Sierra Cano",5002-19-0301-B,,0619749290@uma.es,1571422810
54738,74855487d,2870,Mar,"Sierra Olmos",5002-19-0301-B,,mar.sierra.olmos@telefonica.net,1571422810
150071,25739822q,12967,Xavier,"Soler Alonso",5002-19-0301-B,,xavisoleralonso@gmail.com,1571422810
204996,79023903c,18167,Marco,"Taddei Tardon",5002-19-0301-B,,0619751356@uma.es,1571422810
119835,25351172c,9512,Marta,"Tirado Romero",5002-19-0301-B,,martatr_93@hotmail.com,1571422810
198838,25739549l,17892,Raúl,"Torres Román",5002-19-0301-B,,raul.torres9914@uma.es,1571422810
179894,x8172656c,15019,"Gabriel Catalin",Tuta,5002-19-0301-B,,0619521382@uma.es,1571422810
179105,77430328t,14925,Pablo,"Urbano Ruiz",5002-19-0301-B,,paurru21@gmail.com,1571422810
178454,77492787z,14680,"Evelyn Ainee","Valdiviezo Ponce",5002-19-0301-B,,evelyn.valdiviezo97@gmail.com,1571422810
136,25135351,136,"Carlos","Reyes Caballero","A",,"fistro@peca.dor",317.261795870028
138,25435145,138,"Sergio","Benítez Ramírez","A",,"j@s.com",938.245218774769
42,25460108,42,"Maturino","Santos Rojas","A",,"fistro@peca.dor",898.387319873553
108,25441634,108,"Mercedes","Márquez Díez","A",,"k@kita.com",865.333540599328
79,25988084,79,"Jorge","Ortega Medina","A",,"fistro@peca.dor",243.402872637613
31,25040581,31,"Miguel Ángel","Crespo Calvo","B",,"k@kita.com",962.086842807243
201369,77671864j,17962,Javier,"Valenzuela Jiménez",5002-19-0301-B,,javiervalenzuelajimenez@hotmail.com,1571422810
188433,54236990t,16472,Andrea,"Valladares Quintero",5002-19-0301-B,,andreavq98@hotmail.com,1571422810
175383,75912241m,14782,Alejandro,"Vázquez Cohen",5002-19-0301-B,,alevazquez_1997@hotmail.com,1571422810
176562,05720201d,14960,Monica,"Vera Matas","Matrícula dejó de recibirse",,moniveramatas@gmail.com,1571422810
200599,25617629e,17950,Elena,"Verdugo Torres",5002-19-0301-B,,0619705431@uma.es,1571422810
200993,54235138b,17958,Fabián,"Vergara Rubio",5002-19-0301-B,,0619709818@uma.es,1571422810
150055,77426484c,12963,Beatriz,"Vilaseca Martínez",5002-19-0301-B,,beatrizvilasecamartinez@gmail.com,1571422810
219956,3821323,19887,"Nora Inés","Villamayor Peña",5002-19-0301-B,,0619916765@uma.es,1571422810
189982,77228288s,16494,Amanda,"Villena Carnero","Matrícula dejó de recibirse",,amandavc98@gmail.com,1571422810
148374,54138388e,12941,Manuel,"Vizcaíno Gutiérrez",5002-19-0301-B,,vizcainomanolo@gmail.com,1571422810
201196,09115104c,17960,Paula,"Warren Jiménez",5002-19-0301-B,,0619712147@uma.es,1571422810
194856,53741997j,16916,Víctor,"Zofio Ruiz",5002-19-0301-B,,victorzofioruiz@gmail.com,1571422810
