﻿"ID de participante único en todo CV",DNI/NIE/Pasaporte,"ID de participante en este centro",Nombre,Apellido/s,Inscripción,Grupos,"Correo electrónico","Última descarga de esta asignatura"
177185,77175421w,14715,"José Luis","Acosta Montaner",5002-19-0301-A,,acosjoseluis@gmail.com,1571422809
150680,25354666h,12897,Antonio,"Aguilera Durán",5002-19-0301-A,,antonio.a.d.996@gmail.com,1571422809
137444,77424553k,11082,"Elisa María","Alcalá Priego",5002-19-0301-A,,eli.alcalapriego@gmail.com,1571422809
177989,76752692j,14809,Adela,"Algar Ruiz",5002-19-0301-A,,adely15_91@hotmail.com,1571422809
154204,21687921w,13597,Imane,"Allali Bouamara",5002-19-0301-A,,imane.allali@hotmail.com,1571422809
81,25386133,81,"Félix","Pastor Garrido","B",,"k@kita.com",40.702425173251
196,25785360,196,"Josefa","Sánchez Díez","A",,"fistro@peca.dor",41.1361317073461
145,25843843,145,"Juana","Rubio Romero","B",,"k@kita.com",56.8753097776789
3,25809762,3,"Jordi","Márquez Marín","A",,"k@kita.com",217.82269671699
18,25319285,18,"Francisco","Delgado Pérez","B",,"j@s.com",574.688395243371
24,25135188,24,"María José","Martínez Mora","A",,"k@kita.com",394.639649315272
188,25573154,188,"Terence","Ferrer Molina","B",,"j@s.com",123.994381554425
95,25653887,95,"Lucía","Marín Moya","A",,"fistro@peca.dor",314.794076819438
202144,77196263y,17971,Jesús,"Alonso Gómez",5002-19-0301-A,,0619722618@uma.es,1571422809
150588,26834277q,12984,Esther,"Alonso Guerra",5002-19-0301-A,,esaalguer@gmail.com,1571422809
203931,23882638j,18132,"María Inmaculada","Amador Tejada",5002-19-0301-A,,inmaat88@gmail.com,1571422809
173289,47937788s,14709,Samuel,"Anaya Sánchez",5002-19-0301-A,,samu-95@hotmail.com,1571422809
203538,77427020g,18121,Amalia,"Arjona Domínguez",5002-19-0301-A,,amaliaarjona17@gmail.com,1571422809
199614,25610611l,17932,"José Manuel","Arjona Luque",5002-19-0301-A,,josemanuel10al@gmail.com,1571422809
22313,74871218p,1511,Lucía,"Armario Barranco",5002-19-0301-A,,lucia.armario@gmail.com,1571422809
204063,78991062t,18136,Pablo,"Armario Gil",5002-19-0301-A,,pabloarmariogil@gmail.com,1571422809
191106,77662921v,16616,"María Elena","Armenteros Jiménez",5002-19-0301-A,,elenaarmenterosjimenez@gmail.com,1571422809
134717,53374824n,11047,"Diana María","Arrebola Mesa",5002-19-0301-A,,nenuu_morxe@hotmail.com,1571422809
188354,05722639d,16470,Celia,"Arroyo Moraga",5002-19-0301-A,,celia_arroyo16@hotmail.com,1571422809
136280,78982209w,11058,"Juan José","Atencia Ruiz",5002-19-0301-A,,0619268798@uma.es,1571422809
191198,44060418p,16521,"José Manuel","Barea Muñoz",5002-19-0301-A,,josemanuelbarea94@hotmail.com,1571422809
150862,74746319e,14674,Manuel,"Béjar Rodríguez",5002-19-0301-A,,manubejar6@hotmail.com,1571422809
199270,17479697l,17931,Cristina,"Biedma Navarro",5002-19-0301-A,,cristinabn98@hotmail.com,1571422809
202668,50641806s,17979,Awatif,"Boutoil El Rhozlane",5002-19-0301-A,,0619728933@uma.es,1571422809
200267,79042681f,17947,Christian,"Brady Lander",5002-19-0301-A,,christianbradylander@gmail.com,1571422809
191009,44665570f,16374,Ignacio,"Brea Martín",5002-19-0301-A,,nachobrmclase@gmail.com,1571422809
146756,44669481p,12915,Adrian,"Buenestado Cerra",5002-19-0301-A,,abuenestado96@gmail.com,1571422809
178487,26831837z,14762,Ana,"Cabeza Sánchez",5002-19-0301-A,,anacab3000@gmail.com,1571422809
194302,49563650f,16851,Gloria,"Campo Benítez",5002-19-0301-A,,gloriakitty@hotmail.es,1571422809
203753,77797625x,18128,"Candela Teresa","Caneda Santiago",5002-19-0301-A,,candelati2012@gmail.com,1571422809
151748,26830544d,13305,María,"Caparros Maño",5002-19-0301-A,,maria.caparros.m@gmail.com,1571422809
150574,25738596d,12981,"José Luis","Carmona Alamos",5002-19-0301-A,,pepecarmona612@gmail.com,1571422809
67,25316411,67,"Keylor","Spencer Vázquez","B",,"j@s.com",838.130462283967
40,25029130,40,"Irene","Calvo González","A",,"j@s.com",66.4056204489898
113,25889919,113,"Frederick George","Hill Ruiz","A",,"fistro@peca.dor",697.150965623325
19,25054124,19,"Irai","Ruiz Vidal","B",,"j@s.com",888.250749747967
92,25475536,92,"Jordi","Vázquez Antolín","B",,"k@kita.com",881.375363081461
181,25858784,181,"Samuel","Campos Montero","A",,"k@kita.com",246.66994198435
38,25378162,38,"Jorge","Castillo González","B",,"fistro@peca.dor",788.440483565209
177947,25611760h,14841,Carlos,"Casado Ruiz",5002-19-0301-A,,carloscasadoruiz.ccr@gmail.com,1571422809
191110,77395535y,16517,Africa,"Casas Rodríguez",5002-19-0301-A,,africapadao@gmail.com,1571422809
204387,74737323l,18145,Elena,"Casas Valverde",5002-19-0301-A,,elenacasas33@hotmail.com,1571422809
139793,77469175t,11293,Elisabeth,"Castilla Vellido",5002-19-0301-A,,elisabeth7400@gmail.com,1571422809
191559,26052573j,16534,"Eva María","Castillo Zafra",5002-19-0301-B,,ecastillozafra@gmail.com,1571422809
186801,76880688z,16446,Marina,"Castro Olea",5002-19-0301-A,,marinacastroolea20@gmail.com,1571422809
174196,79042541m,14789,Jesús,"Castro Palma","Matrícula dejó de recibirse",,jecaspal@gmail.com,1571422809
27337,74944500n,16219,"José Antonio","Chicharro Díaz",5002-19-0301-A,,chicharro112@gmail.com,1571422809
203378,y4351007l,18102,Daniela,"Coronado Daniello",5002-19-0301-A,,danielacoronadod@gmail.com,1571422809
187035,y4351085m,16334,Paulina,"Coronado Daniello",5002-19-0301-A,,paucoronado2@gmail.com,1571422809
199881,78975191e,17938,Diego,"Cortés Vera",5002-19-0301-A,,afurs@hotmail.es,1571422809
203937,77796795p,18133,Jeronimo,"Coto Elena",5002-19-0301-A,,coto.jeronimo@gmail.com,1571422809
191799,78763481g,16627,Francisco,"Deniz Cabrera",5002-19-0301-A,,denizfran@gmail.com,1571422809
72,25710114,72,"Raúl","Román Hidalgo","A",,"j@s.com",48.5499574230053
87,25050404,87,"Nicolás","Mora Nieto","B",,"j@s.com",104.131198670249
45,25658349,45,"Yanis Andrei","Spencer Hidalgo","B",,"j@s.com",202.236594523769
162,25471021,162,"Alejandro","Núñez Delgado","B",,"k@kita.com",901.259150875499
14,25690662,14,"Milagros","Cruz Rojas","B",,"k@kita.com",52.1487112510949
169,25862300,169,"Belén","Medina Caballero","B",,"k@kita.com",177.579303923761
135,25560984,135,"Lucas","Herrera Prieto","A",,"k@kita.com",656.131154352333
150,25933366,150,"Narciso","Santana Ramos","B",,"fistro@peca.dor",216.938112347852
140816,76751620e,13106,Jesús,"Díaz Alcauza",5002-19-0301-A,,diazjesus.1992@gmail.com,1571422809
148150,26262646g,16846,Marta,"Díaz Ruiz",5002-19-0301-A,,martadiru96@gmail.com,1571422809
139676,76429557m,11282,"María Auxiliadora","Domínguez Benítez",5002-19-0301-A,,auxi_95_31@hotmail.com,1571422809
153930,77193706w,13554,"Pablo Tomás","Dorado Rodríguez",5002-19-0301-A,,pablodorado95@gmail.com,1571422809
205092,25735169d,18168,Jaime,"Dubbelman Vizcaíno",5002-19-0301-A,,jaimeduvi@gmail.com,1571422809
126033,53744862a,9198,Noemi,"Escobar López",5002-19-0301-A,,noeesclop@uma.es,1571422809
201610,77190703n,17964,Rocío,"España Bonilla",5002-19-0301-A,,rociobonilla99@gmail.com,1571422809
204841,77796167r,18329,"María Alejandra","Fernández Lagos",5002-19-0301-A,,aleejandra.20ene@gmail.com,1571422809
199671,77441981s,17933,Iván,"Fernández Rengel",5002-19-0301-A,,ivan.losmios@gmail.com,1571422809
202386,77670310t,17973,Noemi,"Fernández Sánchez",5002-19-0301-A,,noemifernandezsanchez99@gmail.com,1571422809
200642,70589005g,17952,"Juan Carlos","Fernández-bravo Salazar",5002-19-0301-A,,juancar29@uma.es,1571422809
198955,79111982d,17898,Ana,"Flores Beltran",5002-19-0301-A,,anafloores@hotmail.es,1571422809
125621,79035414p,9563,Marta,"Flores Gómez",5002-19-0301-A,,marta.fg28@hotmail.com,1571422809
139581,53702056t,11275,Marina,"Fontiveros Palomino",5002-19-0301-A,,marina051192@gmail.com,1571422809
202448,26831495v,17975,Raúl,"Fortes Báez",5002-19-0301-A,,0619726315@uma.es,1571422809
199807,71369457c,17936,Laura,"Fresno Prieto",5002-19-0301-A,,laurafresno27@gmail.com,1571422809
186769,77668333r,16445,"Pablo de La","Fuente García",5002-19-0301-A,,pablodlfg@hotmail.com,1571422809
179317,44061017d,15101,Daniel,"García Guerrero","Matrícula dejó de recibirse",,danilegarciaguerrero1005@gmail.com,1571422809
189766,76882698t,16489,Antonio,"García Martín",5002-19-0301-A,,agmjordan98@gmail.com,1571422809
178063,26832399r,15077,Lidia,"García Rueda",5002-19-0301-A,,lidia.9808@hotmail.com,1571422809
203035,39411653a,17991,"Marina Isabel","García Sarmiento",5002-19-0301-A,,0619733138@uma.es,1571422809
204309,77774902b,18142,Ana,"Gil Quevedo",5002-19-0301-A,,0619743805@uma.es,1571422809
203840,77490518e,18130,Alejandro,"González Infantes",5002-19-0301-A,,infantesalejandro@hotmail.com,1571422809
202944,53703446x,17987,"Francisco José","González Mancheño",5002-19-0301-A,,francisco.leala@gmail.com,1571422809
175001,32901943y,17928,"Francisco Javier","González Rodríguez",5002-19-0301-A,,javigonzalez199705@gmail.com,1571422809
200901,77196734v,17957,Andrea,"Guerra Canca",5002-19-0301-A,,0619708788@uma.es,1571422809
192005,77430289f,16998,"María José","Guerrero Sánchez",5002-19-0301-A,,guerrerosanchezmj@gmail.com,1571422809
200100,44650422q,17943,Rubén,"Gutiérrez Molina",5002-19-0301-A,,rubengm1099@gmail.com,1571422809
189241,77774235b,18169,Sonia,"Guzmán Soria",5002-19-0301-A,,sonia.guzman.lluvia@gmail.com,1571422809
173153,44667170c,14721,María,"Infante Márquez",5002-19-0301-A,,maariiia_97@hotmail.com,1571422809
199765,x7309963b,17935,"Paulina Izabela De","Jesús Alvarez",5002-19-0301-A,,0619696026@uma.es,1571422809
181223,77425584v,15181,"Agustín Rodrigo","Jiménez Capurro",5002-19-0301-A,,lcapurroap@hotmail.com,1571422809
101,25354108,101,"Verónica","Martín Gómez","A",,"k@kita.com",264.170276263496
62,25977229,62,"María Dolores","Aguilar Ibáñez","A",,"fistro@peca.dor",389.202325609047
88,25712035,88,"Isabel","Herrera Domínguez","B",,"fistro@peca.dor",468.812627975596
163,25933747,163,"Adrián","Cano Reyes","B",,"k@kita.com",696.927345155505
194,25821640,194,"Juan","Gil Lozano","A",,"fistro@peca.dor",538.215060613351
104,25611153,104,"Héctor","Garrido Gil","B",,"fistro@peca.dor",946.935979735106
179,25980594,179,"Óscar","García Flores","B",,"fistro@peca.dor",461.836136854719
190426,77193091p,16499,"Ana Bintu","Jobe Muñoz",5002-19-0301-A,,ana.bintuj@gmail.com,1571422809
179338,76637172e,14888,"Pablo De","Laguno Alarcón",5002-19-0301-A,,pablo.delaguno@gmail.com,1571422809
57045,78985368x,3221,Estefano,"Lara Guerrero",5002-19-0301-A,,slarag.bio@gmail.com,1571422809
190436,25629511j,16501,María,"Leal Aguilar",5002-19-0301-A,,lealaguilarmaria@gmail.com,1571422809
204383,09083821v,18144,Rebeca,"Ligero Lorente",5002-19-0301-A,,0619744613@uma.es,1571422809
152766,77492397s,13333,Paula,"Llorente Landero",5002-19-0301-A,,paulallorente25@gmail.com,1571422809
202016,76880763c,17970,Olga,"Lobera Palomo",5002-19-0301-A,,olopa2@gmail.com,1571422809
152677,53910935q,13328,"Paloma María","López Ballesteros",5002-19-0301-A,,blanca_paloma_96@msn.com,1571422810
76365,53656864a,17894,Daniel,"López Gil",5002-19-0301-A,,dlg.danielopezgil@gmail.com,1571422810
190914,77233043d,16515,Carlos,"López Jauregui",5002-19-0301-A,,carloslopezjauregui1@gmail.com,1571422810
179899,77241667p,15106,"Martín Manuel","López Palomo",5002-19-0301-A,,martinlopezpalomo97@gmail.com,1571422810
141188,25354668c,11731,"María del Carmen","Lora Toro",5002-19-0301-A,,carmenlt.bio@gmail.com,1571422810
178976,26834037y,14993,"Francisco Javier","Luque Ruiz",5002-19-0301-A,,luquefran97@hotmail.com,1571422810
148786,74943340w,12946,Jesús,"Maillo Luque",5002-19-0301-B,,jesus_ml_@hotmail.com,1571422810
103313,79032278t,7098,Adriana,"Marín Jiménez",5002-19-0301-B,,adrianamj_92@hotmail.com,1571422810
177587,77180616e,14891,Javier,"Marín Mora",5002-19-0301-B,,javier_mm_futbol97@hotmail.com,1571422810
189050,77234020c,16236,"Pablo Adrian","Martín Campos",5002-19-0301-B,,pablomartin1407@gmail.com,1571422810
199998,45150094j,17940,Guillermo,"Martín Chippirraz",5002-19-0301-B,,061969877x@uma.es,1571422810
194420,77191013t,16877,Patricia,"Martín Hidalgo",5002-19-0301-B,,patrimh95@gmail.com,1571422810
153828,77429997z,13534,Tomás,"Martín Jacinto",5002-19-0301-B,,tmartinjacinto@yahoo.es,1571422810
176339,54234615v,15089,"Sandra María","Martín Moreno",5002-19-0301-B,,0619491754@uma.es,1571422810
147596,53349216a,12929,"Francisco Javier","Martín Rodríguez",5002-19-0301-B,,javi10_sfc@hotmail.com,1571422810
178255,76875901b,15047,Pablo,"Martín Velasco",5002-19-0301-B,,10.pabloma.2c@gmail.com,1571422810
202948,25619916d,17989,Álvaro,"Megias Aranda",5002-19-0301-B,,alvaromegias@hotmail.com,1571422810
203670,77684816q,18123,"Kevin Xavier","Mejía Alarcón",5002-19-0301-B,,0619736368@uma.es,1571422810
203512,77685750f,18119,Patricia,"Molina Toret",5002-19-0301-B,,0619734465@uma.es,1571422810
179686,53927875m,14726,Cristina,"Morales Marfil",5002-19-0301-B,,cristi_mm97@hotmail.com,1571422810
204490,32099817m,18148,Ana,"Morales Sánchez",5002-19-0301-B,,anaamoraless98@hotmail.es,1571422810
189591,50624137x,18113,"Francisco Miguel","Morales Torres",5002-19-0301-B,,franmorales1@hotmail.es,1571422810
127525,49045572g,9630,Miriam,"Moreno Becerra",5002-19-0301-B,,miriam_m_b_1994@hotmail.com,1571422810
198866,77660464k,17930,Abel,"Moreno Guerra",5002-19-0301-B,,abel_tolox@hotmail.com,1571422810
151694,77237732y,13181,"Isabel María","Moreno Montiel",5002-19-0301-B,,isabel_green3@hotmail.com,1571422810
200770,54236191y,17955,Laura,"Moreno Ochoa",5002-19-0301-B,,0619707343@uma.es,1571422810
127498,45606505n,9629,"Ana María","Moreno Rodríguez",5002-19-0301-B,,melli_294@hotmail.com,1571422810
185811,77389402z,16431,Esmeralda,"Muñoz Fernández",5002-19-0301-B,,esmeralda1998@hotmail.es,1571422810
185991,09076671c,16434,Natalia,"Muñoz Gallardo",5002-19-0301-B,,nataliamu19@gmail.com,1571422810
112584,76877384e,8247,Gema,"Muñoz González",5002-19-0301-B,,gema.munoz.gonzalez.93@gmail.com,1571422810
204769,26269801y,18327,"Andrea Silvia","Navarro Sánchez",5002-19-0301-B,,andreanavarrosanchez1998@gmail.com,1571422810
208466,26267274d,18701,Margarita,"Navas González",5002-19-0301-B,,navas.gonzalez.margarita@gmail.com,1571422810
178354,75939967q,14992,Rubén,"Ortega Carrascosa",5002-19-0301-B,,roc09@hotmail.es,1571422810
150218,77192465a,12971,Carmen,"Ortiz Lanzas",5002-19-0301-B,,maycacol2@hotmail.com,1571422810
194789,09080392s,16904,"Victoria Patricia","Palomino Romero",5002-19-0301-B,,vicky_t.97@hotmail.es,1571422810
199963,45151249h,17939,Diego,"Palomo Zumaquero",5002-19-0301-B,,0619698395@uma.es,1571422810
202530,77186138r,17976,"Daniel Jesús","Pastor García",5002-19-0301-B,,0619727339@uma.es,1571422810
200877,75901114x,18475,Mireya,"Peña Espinosa",5002-19-0301-B,,mireyape22@gmail.com,1571422810
114138,76752810q,7896,"Antonio Jesús","Pérez Baena","Matrícula dejó de recibirse",,a.perezbaena@hotmail.es,1571422810
202774,50643247f,17983,"Juan Luis","Pérez Flores",5002-19-0301-B,,juanluispf12@hotmail.com,1571422810
150503,25614050p,12979,"Ana Cristina","Pérez Naranjo",5002-19-0301-B,,cristina.p.naranjo@gmail.com,1571422810
178035,53587372v,14714,Tatiana,"Pruaño Santamaría",5002-19-0301-B,,gataperdi@msn.com,1571422810
200463,05983456y,17948,"Miriam Del","Rincon Blanco",5002-19-0301-B,,0619703969@uma.es,1571422810
204238,77234724b,18141,Eloy,"Rivas Oliveros",5002-19-0301-B,,0619743046@uma.es,1571422810
191314,77662783v,16529,Natali,"Robles Dos Santos",5002-19-0301-B,,nataliroblesdos98@gmail.com,1571422810
199812,53676463y,17937,Paloma,"Rodrigo García",5002-19-0301-B,,palomarodrigogarcia@hotmail.com,1571422810
189391,77430259t,16483,Laura,"Rodríguez Cordero","Matrícula dejó de recibirse",,laura_98_rc@hotmail.com,1571422810
202855,79028262d,17986,Alejandro,"Rodríguez Espinosa",5002-19-0301-B,,alex03191999@gmail.com,1571422810
201700,77427730r,17967,Martín,"Rodríguez García",5002-19-0301-B,,martin.rg.99@uma.es,1571422810
153519,25613665z,13499,Lucía,"Rodríguez Rodríguez",5002-19-0301-B,,luciarodriguezrodriguez3@gmail.com,1571422810
137787,54138843v,11094,"Miguel Angel","Rodríguez Salas",5002-19-0301-B,,miguel_94_20@hotmail.com,1571422810
179044,79038133j,14922,Sonia,"Rohra Benítez",5002-19-0301-B,,soniarohra8@gmail.com,1571422810
203320,26284261e,18070,Carlota,"Romero Calderón",5002-19-0301-B,,carlota031298@gmail.com,1571422810
175834,31026157p,14903,Patricia,"Romero Fernández",5002-19-0301-B,,patri.romero97@gmail.com,1571422810
186233,25614901p,16437,Yaiza,"Romero González","Matrícula dejó de recibirse",,yaielburgo@gmail.com,1571422810
203733,79033120z,18126,Carlos,"Ruano Oreal",5002-19-0301-B,,0619737096@uma.es,1571422810
192249,77236821s,16637,"Juan Antonio","Ruiz Bachiller",5002-19-0301-B,,061963309x@uma.es,1571422810
201617,76437067v,17965,Andrea,"Ruiz Escribano",5002-19-0301-B,,andrearuize17@gmail.com,1571422810
200635,77685970c,17951,"Antonio Luis","Rute León",5002-19-0301-B,,antonioruteleon@icloud.com,1571422810
128844,53704612a,9754,David,"Salas Vázquez",5002-19-0301-B,,david.salas@outlook.es,1571422810
232065,565919071,21490,"Jalinne Mariell",Sánchez,Movilidad,,061071711x@uma.es,1571422810
113836,78989087a,8135,Virginia,"Sánchez Pineda",5002-19-0301-B,,pri.ve.fr@gmail.com,1571422810
203716,78990818d,18125,Javier,"Santiago Caracuel",5002-19-0301-B,,jschiachio@gmail.com,1571422810
138217,77181389j,11111,Álvaro,"Santos Gómez",5002-19-0301-B,,alvarollup95@hotmail.com,1571422810
202445,77443907d,17974,Noa,"Scholz Murcia",5002-19-0301-B,,noascholz28@uma.es,1571422810
151494,77233241t,13173,Carmen,"Sedeño García",5002-19-0301-B,,carmensgarcia@outlook.es,1571422810
204811,26264920r,18161,"Juan Manuel","Sierra Cano",5002-19-0301-B,,0619749290@uma.es,1571422810
54738,74855487d,2870,Mar,"Sierra Olmos",5002-19-0301-B,,mar.sierra.olmos@telefonica.net,1571422810
111021,76640979b,8174,Dolores,"Silvente Romero",5002-19-0301-B,,lsilventeromero@hotmail.com,1571422810
150071,25739822q,12967,Xavier,"Soler Alonso",5002-19-0301-B,,xavisoleralonso@gmail.com,1571422810
179894,x8172656c,15019,"Gabriel Catalin",Tuta,5002-19-0301-B,,0619521382@uma.es,1571422810
179105,77430328t,14925,Pablo,"Urbano Ruiz",5002-19-0301-B,,paurru21@gmail.com,1571422810
178454,77492787z,14680,"Evelyn Ainee","Valdiviezo Ponce",5002-19-0301-B,,evelyn.valdiviezo97@gmail.com,1571422810
125298,77238562p,9558,Angel,"Valencia Poveda",5002-19-0301-B,,avpoveda@telefonica.net,1571422810
201369,77671864j,17962,Javier,"Valenzuela Jiménez",5002-19-0301-B,,javiervalenzuelajimenez@hotmail.com,1571422810
175383,75912241m,14782,Alejandro,"Vázquez Cohen",5002-19-0301-B,,alevazquez_1997@hotmail.com,1571422810
176562,05720201d,14960,Monica,"Vera Matas","Matrícula dejó de recibirse",,moniveramatas@gmail.com,1571422810
200599,25617629e,17950,Elena,"Verdugo Torres",5002-19-0301-B,,0619705431@uma.es,1571422810
200993,54235138b,17958,Fabián,"Vergara Rubio",5002-19-0301-B,,0619709818@uma.es,1571422810
150055,77426484c,12963,Beatriz,"Vilaseca Martínez",5002-19-0301-B,,beatrizvilasecamartinez@gmail.com,1571422810
219956,3821323,19887,"Nora Inés","Villamayor Peña",5002-19-0301-B,,0619916765@uma.es,1571422810
189982,77228288s,16494,Amanda,"Villena Carnero","Matrícula dejó de recibirse",,amandavc98@gmail.com,1571422810
148374,54138388e,12941,Manuel,"Vizcaíno Gutiérrez",5002-19-0301-B,,vizcainomanolo@gmail.com,1571422810
201196,09115104c,17960,Paula,"Warren Jiménez",5002-19-0301-B,,0619712147@uma.es,1571422810
179192,77662337p,15002,Raúl,"Yebenes Villamor",5002-19-0301-B,,xxraulxx111@gmail.com,1571422810
194856,53741997j,16916,Víctor,"Zofio Ruiz",5002-19-0301-B,,victorzofioruiz@gmail.com,1571422810
